province,year,area,food_spend,nonfood_spend,total_spend,engel_ratio,internet_pct,mobile_pct,computer_pct,digital_index_pct,calorie_per_capita,protein_per_capita,poverty_rate,gini,vulnerability_score,_inferred_from_2023
ACEH,2024,rural,,,,,84.59,89.46,9.58,61.21000000000001,,,,,,1
ACEH,2024,total,702547.0,523429.0,1225976.0,0.5730511853413117,86.46,91.07,15.1,64.21,2052.85,61.05,,,0.29276405066307537,1
ACEH,2024,urban,,,,,89.84,94.79,25.06,69.89666666666666,,,,,,1
ACEH,2024,rural,,,,,86.97,93.07,9.47,63.169999999999995,,,,,,
ACEH,2024,total,722434.0,542299.0,1264733.0,0.5712146358164134,88.95,94.26,15.49,66.23333333333333,1989.55,60.64,,,0.28087174594496306,
ACEH,2024,urban,,,,,92.6,96.44,26.55,71.86333333333333,,,,,,
BALI,2024,rural,,,,,78.35,87.76,9.49,58.53333333333334,,,,,,1
BALI,2024,total,729755.0,1011768.0,1741523.0,0.4190326513057824,87.15,92.65,24.34,68.04666666666667,2263.58,65.86,,,0.09806342898618492,1
BALI,2024,urban,,,,,91.06,95.78,30.93,72.59,,,,,,1
BALI,2024,rural,,,,,85.25,90.29,10.92,62.153333333333336,,,,,,
BALI,2024,total,804982.0,1067778.0,1872760.0,0.4298372455626989,92.16,95.54,26.63,71.44333333333333,2295.02,67.22,,,0.09398096729740361,
BALI,2024,urban,,,,,94.74,97.5,32.49,74.91000000000001,,,,,,
BANTEN,2024,rural,,,,,81.48,85.13,3.0,56.53666666666667,,,,,,1
BANTEN,2024,total,847452.0,896235.0,1743687.0,0.4860115376211442,91.18,91.51,20.71,67.8,2207.37,66.93,,,0.17585303275145278,1
BANTEN,2024,urban,,,,,93.91,94.7,25.7,71.43666666666667,,,,,,1
BANTEN,2024,rural,,,,,84.91,87.21,4.05,58.723333333333336,,,,,,
BANTEN,2024,total,873268.0,898894.0,1772162.0,0.49276984835472154,93.02,93.86,20.89,69.25666666666666,2184.28,66.03,,,0.1765320768942984,
BANTEN,2024,urban,,,,,94.98,95.47,24.97,71.80666666666666,,,,,,
BENGKULU,2024,rural,,,,,86.13,90.34,10.32,62.26333333333333,,,,,,1
BENGKULU,2024,total,679166.0,653392.0,1332558.0,0.509670873613006,88.82,92.14,17.83,66.26333333333332,2059.98,60.32,,,0.2103462249948226,1
BENGKULU,2024,urban,,,,,93.99,96.41,32.31,74.23666666666666,,,,,,1
BENGKULU,2024,rural,,,,,88.05,93.27,12.14,64.48666666666666,,,,,,
BENGKULU,2024,total,724415.0,691561.0,1415976.0,0.5116011853308248,90.62,94.92,19.79,68.44333333333334,2032.04,60.58,,,0.2020034356632797,
BENGKULU,2024,urban,,,,,95.83,98.24,35.23,76.43333333333332,,,,,,
CATATAN,2024,total,,,,,,,,,,,,,,1
CATATAN,2024,total,,,,,,,,,,,,,,
DATA DIOLAH DARI HASIL SURVEI SOSIAL EKONOMI NASIONAL SUSENAS TRIWULAN I BPS,2024,total,,,,,,,,,,,,,,1
DATA DIOLAH DARI HASIL SURVEI SOSIAL EKONOMI NASIONAL SUSENAS TRIWULAN I BPS,2024,total,,,,,,,,,,,,,,1
DATA DIOLAH DARI HASIL SURVEI SOSIAL EKONOMI NASIONAL SUSENAS TRIWULAN I BPS,2024,total,,,,,,,,,,,,,,1
DATA DIOLAH DARI HASIL SURVEI SOSIAL EKONOMI NASIONAL SUSENAS TRIWULAN I BPS,2024,total,,,,,,,,,,,,,,1
DATA DIOLAH DARI HASIL SURVEI SOSIAL EKONOMI NASIONAL SUSENAS TRIWULAN I BPS,2024,total,,,,,,,,,,,,,,1
DATA DIOLAH DARI HASIL SURVEI SOSIAL EKONOMI NASIONAL SUSENAS TRIWULAN I BPS,2024,total,,,,,,,,,,,,,,1
DATA DIOLAH DARI HASIL SURVEI SOSIAL EKONOMI NASIONAL SUSENAS TRIWULAN I BPS,2024,total,,,,,,,,,,,,,,1
DATA DIOLAH DARI HASIL SURVEI SOSIAL EKONOMI NASIONAL SUSENAS TRIWULAN I BPS,2024,total,,,,,,,,,,,,,,1
DATA DIOLAH DARI HASIL SURVEI SOSIAL EKONOMI NASIONAL SUSENAS TRIWULAN I BPS,2024,total,,,,,,,,,,,,,,1
DATA DIOLAH DARI HASIL SURVEI SOSIAL EKONOMI NASIONAL SUSENAS TRIWULAN I BPS,2024,total,,,,,,,,,,,,,,
DATA DIOLAH DARI HASIL SURVEI SOSIAL EKONOMI NASIONAL SUSENAS TRIWULAN I BPS,2024,total,,,,,,,,,,,,,,
DATA DIOLAH DARI HASIL SURVEI SOSIAL EKONOMI NASIONAL SUSENAS TRIWULAN I BPS,2024,total,,,,,,,,,,,,,,
DATA DIOLAH DARI HASIL SURVEI SOSIAL EKONOMI NASIONAL SUSENAS TRIWULAN I BPS,2024,total,,,,,,,,,,,,,,
DATA DIOLAH DARI HASIL SURVEI SOSIAL EKONOMI NASIONAL SUSENAS TRIWULAN I BPS,2024,total,,,,,,,,,,,,,,
DATA DIOLAH DARI HASIL SURVEI SOSIAL EKONOMI NASIONAL SUSENAS TRIWULAN I BPS,2024,total,,,,,,,,,,,,,,
DATA DIOLAH DARI HASIL SURVEI SOSIAL EKONOMI NASIONAL SUSENAS TRIWULAN I BPS,2024,total,,,,,,,,,,,,,,
DATA DIOLAH DARI HASIL SURVEI SOSIAL EKONOMI NASIONAL SUSENAS TRIWULAN I BPS,2024,total,,,,,,,,,,,,,,
DATA DIOLAH DARI HASIL SURVEI SOSIAL EKONOMI NASIONAL SUSENAS TRIWULAN I BPS,2024,total,,,,,,,,,,,,,,
DATA MASIH BERGABUNG DENGAN PROVINSI KALIMANTAN TIMUR,2024,total,,,,,,,,,,,,,,1
DATA MASIH BERGABUNG DENGAN PROVINSI KALIMANTAN TIMUR,2024,total,,,,,,,,,,,,,,
DI YOGYAKARTA,2024,rural,,,,,83.93,85.93,12.13,60.663333333333334,,,,,,1
DI YOGYAKARTA,2024,total,722132.0,1009428.0,1731560.0,0.41704128069486474,90.18,89.47,30.56,70.07000000000001,2052.77,63.78,,,0.0859940736728731,1
DI YOGYAKARTA,2024,urban,,,,,92.25,91.12,36.65,73.34,,,,,,1
DI YOGYAKARTA,2024,rural,,,,,82.34,85.52,11.9,59.92000000000001,,,,,,
DI YOGYAKARTA,2024,total,748182.0,1010683.0,1758865.0,0.425377729387986,89.5,90.93,31.55,70.66000000000001,2015.51,62.32,,,0.09267214039329737,
DI YOGYAKARTA,2024,urban,,,,,91.71,92.6,37.6,73.97,,,,,,
DKI JAKARTA,2024,rural,,,,,,,9.1,9.1,,,,,,1
DKI JAKARTA,2024,total,1055896.0,1735820.0,2791716.0,0.37822471913332156,98.08,96.19,39.15,77.80666666666666,2157.83,70.65,,,0.004162028747035825,1
DKI JAKARTA,2024,urban,,,,,98.08,96.19,39.15,77.80666666666666,,,,,,1
DKI JAKARTA,2024,rural,,,,,,,,,,,,,,
DKI JAKARTA,2024,total,1108228.0,1686257.0,2794485.0,0.39657682900427094,98.18,98.49,39.33,78.66666666666667,2073.28,68.15,,,0.020987141088858196,
DKI JAKARTA,2024,urban,,,,,98.18,98.49,39.33,78.66666666666667,,,,,,
GORONTALO,2024,rural,,,,,83.6,90.94,9.88,61.47333333333333,,,,,,1
GORONTALO,2024,total,590966.0,637927.0,1228893.0,0.48089296627127015,87.93,92.74,17.89,66.18666666666667,1996.25,58.46,,,0.20333363613053054,1
GORONTALO,2024,urban,,,,,93.01,96.38,27.29,72.22666666666666,,,,,,1
GORONTALO,2024,rural,,,,,86.61,92.19,9.21,62.67000000000001,,,,,,
GORONTALO,2024,total,620823.0,641446.0,1262268.0,0.4918313702003061,90.17,94.98,17.23,67.46,1938.17,58.12,,,0.21531588395552045,
GORONTALO,2024,urban,,,,,94.25,98.18,26.43,72.95333333333333,,,,,,
INDONESIA,2024,rural,,,,,81.6,85.45,8.68,58.576666666666675,,,,,,1
INDONESIA,2024,total,711282.0,740588.0,1451870.0,0.489907498605247,87.09,89.02,18.06,64.72333333333334,2087.64,62.33,,,0.19519812180578033,1
INDONESIA,2024,urban,,,,,91.01,93.95,24.76,69.90666666666667,,,,,,1
INDONESIA,2024,rural,,,,,84.61,89.8,8.98,61.129999999999995,,,,,,
INDONESIA,2024,total,751789.0,748767.0,1500556.0,0.5010069600867945,89.76,92.92,18.52,67.06666666666668,2051.54,61.7,,,0.19655054356503643,
INDONESIA,2024,urban,,,,,93.38,95.11,25.23,71.24,,,,,,
JAMBI,2024,rural,,,,,88.25,92.3,12.36,64.30333333333334,,,,,,1
JAMBI,2024,total,720949.0,703176.0,1424125.0,0.5062399719125779,89.52,93.42,17.75,66.89666666666666,2042.69,59.52,,,0.21131388857849917,1
JAMBI,2024,urban,,,,,91.99,96.29,28.26,72.17999999999999,,,,,,1
JAMBI,2024,rural,,,,,89.41,94.98,11.41,65.26666666666667,,,,,,
JAMBI,2024,total,773667.0,698833.0,1472501.0,0.5254101695007338,90.59,95.61,17.6,67.93333333333332,2011.88,58.73,,,0.24131420695629205,
JAMBI,2024,urban,,,,,93.01,96.91,30.31,73.41000000000001,,,,,,
JAWA BARAT,2024,rural,,,,,79.48,80.55,6.49,55.50666666666667,,,,,,1
JAWA BARAT,2024,total,761832.0,805834.0,1567666.0,0.48596576056379354,87.92,87.56,18.85,64.77666666666667,2110.33,63.44,,,0.19043231112829814,1
JAWA BARAT,2024,urban,,,,,90.29,91.26,22.32,67.95666666666666,,,,,,1
JAWA BARAT,2024,rural,,,,,82.2,86.52,6.11,58.27666666666667,,,,,,
JAWA BARAT,2024,total,803842.0,829190.0,1633032.0,0.492238976333593,90.58,92.4,18.6,67.19333333333334,2069.91,62.26,,,0.18591062386176638,
JAWA BARAT,2024,urban,,,,,92.83,93.98,21.95,69.58666666666666,,,,,,
JAWA TENGAH,2024,rural,,,,,83.5,84.3,8.41,58.73666666666667,,,,,,1
JAWA TENGAH,2024,total,601528.0,608378.0,1209906.0,0.4971692015743372,85.61,87.44,14.05,62.366666666666674,2024.95,59.65,,,0.22070914885962475,1
JAWA TENGAH,2024,urban,,,,,87.5,90.23,19.1,65.61,,,,,,1
JAWA TENGAH,2024,rural,,,,,86.44,88.77,8.88,61.36333333333332,,,,,,
JAWA TENGAH,2024,total,647311.0,624368.0,1271678.0,0.5090211515808247,88.89,90.56,14.82,64.75666666666666,1993.03,59.23,,,0.2296579669635085,
JAWA TENGAH,2024,urban,,,,,91.12,92.18,20.23,67.84333333333333,,,,,,
JAWA TIMUR,2024,rural,,,,,79.73,82.53,8.4,56.88666666666666,,,,,,1
JAWA TIMUR,2024,total,657408.0,666078.0,1323486.0,0.4967245592322095,84.28,86.58,16.05,62.30333333333334,2068.37,60.66,,,0.21470574441504986,1
JAWA TIMUR,2024,urban,,,,,87.87,90.19,22.1,66.72,,,,,,1
JAWA TIMUR,2024,rural,,,,,82.22,86.8,8.75,59.25666666666666,,,,,,
JAWA TIMUR,2024,total,689148.0,667796.0,1356943.0,0.507868053411234,86.9,90.32,16.7,64.64,2046.2,60.48,,,0.21614078495987807,
JAWA TIMUR,2024,urban,,,,,90.64,93.12,23.04,68.93333333333332,,,,,,
KALIMANTAN BARAT,2024,rural,,,,,85.71,87.84,8.38,60.64333333333334,,,,,,1
KALIMANTAN BARAT,2024,total,695043.0,650509.0,1345552.0,0.5165485986420443,88.45,90.07,15.11,64.54333333333334,1919.5,58.63,,,0.24924396143050997,1
KALIMANTAN BARAT,2024,urban,,,,,92.99,95.84,26.23,71.68666666666665,,,,,,1
KALIMANTAN BARAT,2024,rural,,,,,90.31,93.46,9.02,64.26333333333334,,,,,,
KALIMANTAN BARAT,2024,total,735785.0,652292.0,1388077.0,0.5300750606774696,92.65,95.14,16.51,68.10000000000001,1903.38,58.52,,,0.24932315275407113,
KALIMANTAN BARAT,2024,urban,,,,,96.47,97.87,28.73,74.35666666666667,,,,,,
KALIMANTAN SELATAN,2024,rural,,,,,85.15,88.05,11.57,61.589999999999996,,,,,,1
KALIMANTAN SELATAN,2024,total,747955.0,709390.0,1457344.0,0.5132316048921874,88.45,90.53,19.12,66.03333333333335,2167.47,67.36,,,0.21553131362812836,1
KALIMANTAN SELATAN,2024,urban,,,,,91.78,94.22,26.75,70.91666666666667,,,,,,1
KALIMANTAN SELATAN,2024,rural,,,,,86.44,90.33,10.68,62.48333333333333,,,,,,
KALIMANTAN SELATAN,2024,total,799948.0,734092.0,1534039.0,0.521465230023487,89.22,92.76,18.51,66.83,2198.3,69.2,,,0.2210916157312043,
KALIMANTAN SELATAN,2024,urban,,,,,92.04,95.22,26.43,71.23,,,,,,
KALIMANTAN TENGAH,2024,rural,,,,,84.5,89.66,10.51,61.556666666666665,,,,,,1
KALIMANTAN TENGAH,2024,total,787550.0,738235.0,1525785.0,0.5161605337580327,88.27,91.7,19.12,66.36333333333333,2133.87,64.01,,,0.2172837261890431,1
KALIMANTAN TENGAH,2024,urban,,,,,93.14,95.98,30.25,73.12333333333333,,,,,,1
KALIMANTAN TENGAH,2024,rural,,,,,88.79,94.05,10.81,64.55,,,,,,
KALIMANTAN TENGAH,2024,total,835243.0,755448.0,1590691.0,0.5250818669370733,92.13,95.97,19.43,69.17666666666666,2050.6,61.84,,,0.21387068269064466,
KALIMANTAN TENGAH,2024,urban,,,,,96.46,98.46,30.6,75.17333333333333,,,,,,
KALIMANTAN TIMUR,2024,rural,,,,,88.75,95.53,17.14,67.14,,,,,,1
KALIMANTAN TIMUR,2024,total,885069.0,1095206.0,1980275.0,0.4469424701114744,92.98,96.94,29.59,73.17,2008.81,65.72,,,0.10518587158953689,1
KALIMANTAN TIMUR,2024,urban,,,,,94.87,97.89,35.13,75.96333333333332,,,,,,1
KALIMANTAN TIMUR,2024,rural,,,,,92.74,97.32,17.73,69.26333333333334,,,,,,
KALIMANTAN TIMUR,2024,total,925954.0,1116838.0,2042791.0,0.4532788718963418,95.45,98.44,30.52,74.80333333333333,1950.46,64.3,,,0.10452743788415775,
KALIMANTAN TIMUR,2024,urban,,,,,96.69,98.94,36.31,77.31333333333333,,,,,,
KALIMANTAN UTARA,2024,rural,,,,,89.09,94.61,16.67,66.79,,,,,,1
KALIMANTAN UTARA,2024,total,801219.0,892358.0,1693577.0,0.4730927498424931,93.76,96.86,27.22,72.61333333333333,1891.28,62.11,,,0.13778488511877043,1
KALIMANTAN UTARA,2024,urban,,,,,96.35,98.94,33.09,76.12666666666667,,,,,,1
KALIMANTAN UTARA,2024,rural,,,,,89.44,95.82,16.71,67.32333333333334,,,,,,
KALIMANTAN UTARA,2024,total,833209.0,824833.0,1658042.0,0.5025258708766123,94.58,97.94,25.05,72.52333333333333,1869.58,61.69,,,0.17187963140522258,
KALIMANTAN UTARA,2024,urban,,,,,97.38,99.09,29.59,75.35333333333334,,,,,,
KEP BANGKA BELITUNG,2024,rural,,,,,90.67,92.73,13.83,65.74333333333334,,,,,,1
KEP BANGKA BELITUNG,2024,total,,,,,91.16,94.39,19.64,68.39666666666666,,,,,0.14910709964671154,1
KEP BANGKA BELITUNG,2024,urban,,,,,91.49,96.0,23.55,70.34666666666668,,,,,,1
KEP BANGKA BELITUNG,2024,rural,,,,,90.77,95.65,11.72,66.04666666666667,,,,,,
KEP BANGKA BELITUNG,2024,total,,,,,92.14,96.27,19.29,69.23333333333333,,,,,0.1369597831873396,
KEP BANGKA BELITUNG,2024,urban,,,,,93.09,96.7,24.55,71.44666666666667,,,,,,
KEP RIAU,2024,rural,,,,,88.06,93.28,9.1,63.48,,,,,,1
KEP RIAU,2024,total,,,,,95.98,96.71,31.46,74.71666666666667,,,,,0.05734888447950426,1
KEP RIAU,2024,urban,,,,,96.99,97.98,34.29,76.42,,,,,,1
KEP RIAU,2024,rural,,,,,87.65,95.3,10.01,64.32,,,,,,
KEP RIAU,2024,total,,,,,97.57,99.15,30.36,75.69333333333333,,,,,0.04316894932971971,
KEP RIAU,2024,urban,,,,,98.68,99.58,32.63,76.96333333333332,,,,,,
KEPULAUAN BANGKA BELITUNG,2024,total,879797.0,847753.0,1727550.0,0.5092744059506237,,,,,2058.61,66.38,,,0.22479907919789935,1
KEPULAUAN BANGKA BELITUNG,2024,total,929142.0,863932.0,1793074.0,0.5181838563271789,,,,,1992.17,65.69,,,0.24008210878347302,
KEPULAUAN RIAU,2024,total,863530.0,1126172.0,1989703.0,0.4339994461484955,,,,,2047.79,66.5,,,0.09567445432360952,1
KEPULAUAN RIAU,2024,total,938634.0,1170437.0,2109071.0,0.4450461838411319,,,,,2050.02,67.05,,,0.11462372861609514,
LAMPUNG,2024,rural,,,,,87.76,91.41,6.0,61.723333333333336,,,,,,1
LAMPUNG,2024,total,627879.0,575138.0,1203017.0,0.5219203053655933,88.88,92.41,10.63,63.97333333333333,2096.21,60.13,,,0.23543706513951093,1
LAMPUNG,2024,urban,,,,,91.13,95.32,19.96,68.80333333333333,,,,,,1
LAMPUNG,2024,rural,,,,,90.45,94.85,6.55,63.95000000000001,,,,,,
LAMPUNG,2024,total,656937.0,544537.0,1201473.0,0.5467763320524057,91.57,95.44,10.89,65.96666666666665,2005.8,57.99,,,0.28753185292433203,
LAMPUNG,2024,urban,,,,,93.84,96.66,19.74,70.08,,,,,,
MALUKU,2024,rural,,,,,75.2,85.61,8.35,56.38666666666666,,,,,,1
MALUKU,2024,total,595310.0,642860.0,1238170.0,0.4807982748734019,82.56,89.17,17.58,63.10333333333333,1819.57,52.86,,,0.3109701589403762,1
MALUKU,2024,urban,,,,,92.8,96.25,30.42,73.15666666666668,,,,,,1
MALUKU,2024,rural,,,,,80.4,91.15,9.06,60.20333333333334,,,,,,
MALUKU,2024,total,640897.0,636672.0,1277569.0,0.5016535310421589,87.27,94.44,17.73,66.47999999999999,1791.94,52.2,,,0.32941807481961777,
MALUKU,2024,urban,,,,,95.72,98.47,28.36,74.18333333333334,,,,,,
MALUKU UTARA,2024,rural,,,,,77.67,88.43,9.67,58.59,,,,,,1
MALUKU UTARA,2024,total,660687.0,656472.0,1317159.0,0.5016000346199662,81.88,90.59,15.92,62.79666666666666,1822.8,52.7,,,0.33889488985085175,1
MALUKU UTARA,2024,urban,,,,,91.69,97.58,30.48,73.24999999999999,,,,,,1
MALUKU UTARA,2024,rural,,,,,83.39,93.09,9.23,61.903333333333336,,,,,,
MALUKU UTARA,2024,total,726547.0,720763.0,1447310.0,0.5019981897451133,87.28,94.7,17.02,66.33333333333334,1800.54,52.05,,,0.3330083488453073,
MALUKU UTARA,2024,urban,,,,,96.21,98.39,34.88,76.49333333333333,,,,,,
NUSA TENGGARA BARAT,2024,rural,,,,,79.31,87.62,7.07,58.0,,,,,,1
NUSA TENGGARA BARAT,2024,total,711180.0,549640.0,1260820.0,0.5640614837962595,81.79,89.37,11.09,60.75000000000001,2484.92,76.12,,,0.2992284968414904,1
NUSA TENGGARA BARAT,2024,urban,,,,,84.08,91.62,14.79,63.49666666666666,,,,,,1
NUSA TENGGARA BARAT,2024,rural,,,,,83.74,90.15,7.9,60.596666666666664,,,,,,
NUSA TENGGARA BARAT,2024,total,730071.0,547068.0,1277139.0,0.5716456861782468,86.54,92.02,11.73,63.43,2419.21,74.45,,,0.29493161051024663,
NUSA TENGGARA BARAT,2024,urban,,,,,89.12,93.73,15.26,66.03666666666668,,,,,,
NUSA TENGGARA TIMUR,2024,rural,,,,,73.18,81.95,7.73,54.28666666666666,,,,,,1
NUSA TENGGARA TIMUR,2024,total,516672.0,444700.0,961372.0,0.5374319202140274,78.88,84.48,13.65,59.00333333333334,1938.18,54.54,,,0.3677307596654686,1
NUSA TENGGARA TIMUR,2024,urban,,,,,93.53,96.9,28.84,73.09,,,,,,1
NUSA TENGGARA TIMUR,2024,rural,,,,,77.81,88.85,8.08,58.24666666666667,,,,,,
NUSA TENGGARA TIMUR,2024,total,541265.0,434589.0,975854.0,0.5546577664281747,82.45,91.36,13.7,62.50333333333333,1930.43,55.06,,,0.36187217617698514,
NUSA TENGGARA TIMUR,2024,urban,,,,,94.88,98.08,28.77,73.91,,,,,,
PAPUA,2024,rural,,,,,18.73,44.18,2.33,21.746666666666666,,,,,,1
PAPUA,2024,total,866059.0,643934.0,1509992.0,0.5735520453088493,38.71,53.46,9.79,33.98666666666667,1902.72,46.8,,,0.658401329903268,1
PAPUA,2024,urban,,,,,87.31,92.11,27.93,69.11666666666667,,,,,,1
PAPUA,2024,rural,,,,,63.9,80.09,7.84,50.61000000000001,,,,,,
PAPUA,2024,total,765393.0,813501.0,1578894.0,0.48476528506663524,81.99,90.32,24.59,65.63333333333334,1782.9,54.73,,,0.27226646462362597,
PAPUA,2024,urban,,,,,93.93,97.06,35.64,75.54333333333334,,,,,,
PAPUA BARAT,2024,rural,,,,,73.71,81.4,10.52,55.21000000000001,,,,,,1
PAPUA BARAT,2024,total,773831.0,824423.0,1598254.0,0.4841727284899647,82.05,84.9,18.7,61.883333333333326,1859.62,54.62,,,0.29156051395384536,1
PAPUA BARAT,2024,urban,,,,,94.01,97.87,30.41,74.09666666666666,,,,,,1
PAPUA BARAT,2024,rural,,,,,80.47,89.8,11.53,60.599999999999994,,,,,,
PAPUA BARAT,2024,total,836642.0,806846.0,1643488.0,0.5090648669171908,85.51,92.52,18.35,65.46,1769.8,51.78,,,0.34979161481662757,
PAPUA BARAT,2024,urban,,,,,97.26,98.87,34.26,76.79666666666667,,,,,,
PAPUA BARAT DAYA,2024,rural,,,,,,,10.52,10.52,,,,,,1
PAPUA BARAT DAYA,2024,total,,,,,,,18.7,18.7,,,,,0.8706383390601559,1
PAPUA BARAT DAYA,2024,urban,,,,,,,30.41,30.41,,,,,,1
PAPUA BARAT DAYA,2024,rural,,,,,79.71,88.92,10.68,59.77,,,,,,
PAPUA BARAT DAYA,2024,total,810863.0,831867.0,1642730.0,0.4936069834969837,88.49,93.64,19.63,67.25333333333333,1890.36,57.83,,,0.22315351608244408,
PAPUA BARAT DAYA,2024,urban,,,,,96.31,97.85,27.6,73.92,,,,,,
PAPUA PEGUNUNGAN,2024,rural,,,,,,,,,,,,,,1
PAPUA PEGUNUNGAN,2024,total,,,,,,,,,,,,,,1
PAPUA PEGUNUNGAN,2024,urban,,,,,,,,,,,,,,1
PAPUA PEGUNUNGAN,2024,rural,,,,,8.81,28.65,1.13,12.863333333333335,,,,,,
PAPUA PEGUNUNGAN,2024,total,1157571.0,570904.0,1728475.0,0.669706533215696,12.15,31.66,2.31,15.373333333333335,2190.07,39.89,,,0.9729790769330041,
PAPUA PEGUNUNGAN,2024,urban,,,,,54.5,69.7,17.27,47.156666666666666,,,,,,
PAPUA SELATAN,2024,rural,,,,,,,2.33,2.33,,,,,,1
PAPUA SELATAN,2024,total,,,,,,,9.79,9.79,,,,,1.0,1
PAPUA SELATAN,2024,urban,,,,,,,27.93,27.93,,,,,,1
PAPUA SELATAN,2024,rural,,,,,51.7,62.57,6.34,40.20333333333334,,,,,,
PAPUA SELATAN,2024,total,749474.0,677616.0,1427090.0,0.5251764079350286,65.71,73.69,17.0,52.133333333333326,1790.62,51.57,,,0.4361926508494232,
PAPUA SELATAN,2024,urban,,,,,90.76,93.58,36.04,73.46,,,,,,
PAPUA TENGAH,2024,rural,,,,,,,,,,,,,,1
PAPUA TENGAH,2024,total,,,,,,,,,,,,,,1
PAPUA TENGAH,2024,urban,,,,,,,,,,,,,,1
PAPUA TENGAH,2024,rural,,,,,19.14,33.58,1.49,18.07,,,,,,
PAPUA TENGAH,2024,total,887039.0,600649.0,1487688.0,0.5962533810852814,36.08,48.19,7.88,30.716666666666665,1696.02,43.48,,,0.755218220167636,
PAPUA TENGAH,2024,urban,,,,,95.0,99.0,30.12,74.70666666666666,,,,,,
RIAU,2024,rural,,,,,91.5,94.89,12.62,66.33666666666666,,,,,,1
RIAU,2024,total,776145.0,751405.0,1527549.0,0.5080982672241611,93.25,96.11,18.65,69.33666666666667,2048.04,59.97,,,0.19417147919191455,1
RIAU,2024,urban,,,,,95.86,98.17,27.63,73.88666666666667,,,,,,1
RIAU,2024,rural,,,,,92.12,97.15,11.5,66.92333333333333,,,,,,
RIAU,2024,total,824229.0,738936.0,1563165.0,0.5272821487175058,94.16,97.75,17.98,69.96333333333332,2017.1,59.16,,,0.22650317927179706,
RIAU,2024,urban,,,,,97.26,98.66,27.82,74.58,,,,,,
SULAWESI BARAT,2024,rural,,,,,83.23,90.77,9.38,61.126666666666665,,,,,,1
SULAWESI BARAT,2024,total,530104.0,506416.0,1036520.0,0.5114266970246595,84.56,91.55,12.62,62.910000000000004,2099.73,59.94,,,0.22957736872666024,1
SULAWESI BARAT,2024,urban,,,,,89.63,94.98,24.93,69.84666666666668,,,,,,1
SULAWESI BARAT,2024,rural,,,,,88.64,94.32,10.48,64.47999999999999,,,,,,
SULAWESI BARAT,2024,total,579734.0,529855.0,1109589.0,0.5224763403386299,89.67,94.95,13.98,66.2,2068.7,60.03,,,0.22529683124491315,
SULAWESI BARAT,2024,urban,,,,,93.89,97.53,28.37,73.26333333333334,,,,,,
SULAWESI SELATAN,2024,rural,,,,,85.96,91.49,12.99,63.48,,,,,,1
SULAWESI SELATAN,2024,total,597180.0,655371.0,1252551.0,0.47677100573150316,89.52,93.06,20.51,67.69666666666666,2110.28,64.14,,,0.16578581625323777,1
SULAWESI SELATAN,2024,urban,,,,,93.67,96.15,29.28,73.03333333333333,,,,,,1
SULAWESI SELATAN,2024,rural,,,,,88.59,95.42,13.71,65.90666666666667,,,,,,
SULAWESI SELATAN,2024,total,636655.0,646426.0,1283081.0,0.4961923682136981,92.18,96.67,22.13,70.32666666666667,2063.99,63.63,,,0.17526767064231077,
SULAWESI SELATAN,2024,urban,,,,,96.23,98.07,31.61,75.30333333333334,,,,,,
SULAWESI TENGAH,2024,rural,,,,,81.03,86.69,9.17,58.96333333333333,,,,,,1
SULAWESI TENGAH,2024,total,602468.0,571212.0,1173679.0,0.5133158214469203,84.61,88.3,15.67,62.85999999999999,2055.42,59.04,,,0.246897666948935,1
SULAWESI TENGAH,2024,urban,,,,,91.86,93.99,28.81,71.55333333333333,,,,,,1
SULAWESI TENGAH,2024,rural,,,,,84.59,91.66,9.52,61.92333333333334,,,,,,
SULAWESI TENGAH,2024,total,644418.0,587035.0,1231453.0,0.5232988997550049,87.94,93.4,16.28,65.87333333333333,2032.8,60.58,,,0.22781842097179228,
SULAWESI TENGAH,2024,urban,,,,,94.62,96.87,29.76,73.75,,,,,,
SULAWESI TENGGARA,2024,rural,,,,,86.14,93.88,12.54,64.18666666666665,,,,,,1
SULAWESI TENGGARA,2024,total,561452.0,611288.0,1172739.0,0.4787527318525264,88.69,94.58,19.4,67.55666666666666,2019.29,61.37,,,0.1687296219841333,1
SULAWESI TENGGARA,2024,urban,,,,,92.83,97.14,30.48,73.48333333333333,,,,,,1
SULAWESI TENGGARA,2024,rural,,,,,89.78,96.82,12.35,66.31666666666666,,,,,,
SULAWESI TENGGARA,2024,total,604047.0,623116.0,1227163.0,0.49223045349313826,91.7,97.23,19.77,69.56666666666668,1955.09,60.98,,,0.17441496850522442,
SULAWESI TENGGARA,2024,urban,,,,,94.65,97.86,31.14,74.55,,,,,,
SULAWESI UTARA,2024,rural,,,,,81.95,89.16,10.35,60.48666666666667,,,,,,1
SULAWESI UTARA,2024,total,670957.0,644219.0,1315176.0,0.5101651794132497,85.86,91.53,17.23,64.87333333333332,2104.76,65.22,,,0.21763850412379152,1
SULAWESI UTARA,2024,urban,,,,,88.96,95.18,22.68,68.94,,,,,,1
SULAWESI UTARA,2024,rural,,,,,85.19,93.1,10.38,62.88999999999999,,,,,,
SULAWESI UTARA,2024,total,717919.0,664510.0,1382429.0,0.5193170860854337,89.31,95.39,17.77,67.49,2011.68,63.62,,,0.2154409220717015,
SULAWESI UTARA,2024,urban,,,,,92.57,97.19,23.59,71.11666666666666,,,,,,
SUMATERA BARAT,2024,rural,,,,,87.03,90.78,10.99,62.93333333333334,,,,,,1
SUMATERA BARAT,2024,total,747469.0,664354.0,1411823.0,0.5294353470654608,89.92,93.49,19.75,67.72,2086.06,58.68,,,0.24777854356434195,1
SUMATERA BARAT,2024,urban,,,,,92.81,97.05,28.48,72.78,,,,,,1
SUMATERA BARAT,2024,rural,,,,,88.82,94.6,11.83,65.08333333333333,,,,,,
SUMATERA BARAT,2024,total,797728.0,683125.0,1480853.0,0.5386949278557697,91.89,96.36,20.48,69.57666666666667,2032.94,57.79,,,0.2641343638571865,
SUMATERA BARAT,2024,urban,,,,,94.85,98.05,28.84,73.91333333333333,,,,,,
SUMATERA SELATAN,2024,rural,,,,,87.45,91.4,7.82,62.223333333333336,,,,,,1
SUMATERA SELATAN,2024,total,647779.0,562206.0,1209986.0,0.5353607397110379,89.91,92.99,14.78,65.89333333333333,2191.06,65.1,,,0.24151533173185422,1
SUMATERA SELATAN,2024,urban,,,,,94.08,96.5,26.58,72.38666666666666,,,,,,1
SUMATERA SELATAN,2024,rural,,,,,88.72,94.35,9.46,64.17666666666666,,,,,,
SUMATERA SELATAN,2024,total,711510.0,577490.0,1289001.0,0.5519856074587995,90.94,95.33,14.93,67.06666666666666,2196.16,66.43,,,0.25484880313512664,
SUMATERA SELATAN,2024,urban,,,,,94.82,97.06,24.49,72.12333333333333,,,,,,
SUMATERA UTARA,2024,rural,,,,,85.56,91.98,9.19,62.24333333333334,,,,,,1
SUMATERA UTARA,2024,total,707588.0,597752.0,1305339.0,0.5420722126589338,89.66,93.74,15.39,66.26333333333332,2093.67,62.91,,,0.24739981059378668,1
SUMATERA UTARA,2024,urban,,,,,92.78,95.95,20.12,69.61666666666667,,,,,,1
SUMATERA UTARA,2024,rural,,,,,89.05,95.32,8.43,64.26666666666667,,,,,,
SUMATERA UTARA,2024,total,734270.0,606687.0,1340957.0,0.5475716223562724,92.3,96.48,15.35,68.04333333333334,2041.63,62.11,,,0.24507440451559415,
SUMATERA UTARA,2024,urban,,,,,94.77,97.35,20.6,70.90666666666667,,,,,,
SUMBER PUBLIKASI STATISTIK INDONESIA,2024,total,,,,,,,,,,,,,,1
SUMBER PUBLIKASI STATISTIK INDONESIA,2024,total,,,,,,,,,,,,,,
