Kabupaten/Kota,,,,,,
,Rata-rata Konsumsi Perkapita Seminggu Menurut Kelompok Rokok dan Tembakau Per Kabupaten/kota (Satuan Komoditas),,,,,
,ROKOK DAN TEMBAKAU,Rokok kretek filter,Rokok kretek tanpa filter,Rokok putih,Tembakau,Rokok dan tembakau Lainnya
,2024,2024,2024,2024,2024,2024
Simeulue,0,10.138,3.929,1.498,0.001,1.679
Aceh Singkil,0,13.897,3.944,1.13,0.011,0.031
Aceh Selatan,0,13.161,6.398,0.375,0.014,0.01
Aceh Tenggara,0,14.658,6.648,1.007,0.012,0.003
Aceh Timur,0,15.686,3.026,1.215,0.001,-
Aceh Tengah,0,14.471,8.128,0.415,0.025,-
Aceh Barat,0,12.054,3.794,3.121,0.011,0.058
Aceh Besar,0,7.59,4.062,0.844,0.022,0.042
Pidie,0,6.67,2.303,1.203,0.004,0.001
Bireuen,0,7.521,3.291,0.108,0.002,0.012
Aceh Utara,0,6.705,4.298,0.092,0.001,-
Aceh Barat Daya,0,15.951,7.835,0.483,0.01,0.006
Gayo Lues,0,18.301,8.583,0.791,0.025,0.139
Aceh Tamiang,0,10.223,2.369,1.282,-,-
Nagan Raya,0,9.755,5.46,3.558,0.022,0.346
Aceh Jaya,0,12.3,9.682,1.853,0.045,0.124
Bener Meriah,0,19.741,6.362,0.23,0.006,-
Pidie Jaya,0,10.376,3.162,0.155,0.002,-
Kota Banda Aceh,0,11.328,1.266,0.022,0.003,0.07
Kota Sabang,0,12.071,2.518,0.209,0.004,0.008
Kota Langsa,0,10.386,0.938,0.206,0.003,-
Kota Lhokseumawe,0,7.987,1.845,0.516,-,-
Kota Subulussalam,0,12.856,5.294,1.653,0.015,0.038
Nias,0,6.486,2.388,0.822,0.009,1.206
Mandailing Natal,0,14.004,2.902,4.827,0.023,-
Tapanuli Selatan,0,14.812,7.764,1.219,0.004,0.006
Tapanuli Tengah,0,12.236,4.468,1.045,0.005,0.012
Tapanuli Utara,0,15.489,5.09,2.476,0.006,0.001
Toba Samosir,0,12.501,4.681,1.393,0.031,0.001
Labuhan Batu,0,15.822,4.419,0.881,0.028,0.002
Asahan,0,15.612,1.694,0.424,0.025,0.02
Simalungun,0,12.524,4.178,0.839,0.04,0.061
Dairi,0,15.531,5.56,0.298,0.092,0.074
Karo,0,18.158,2.969,1.936,0.185,0.275
Deli Serdang,0,11.938,1.292,0.649,0.007,0.037
Langkat,0,15.905,2.991,0.548,0.002,0.008
Nias Selatan,0,2.121,2.396,1.629,0.013,0.062
Humbang Hasundutan,0,12.932,5.174,3.273,0.016,0.015
Pakpak Bharat,0,13.278,6.373,0.6,0.027,0.02
Samosir,0,15.769,5.638,0.663,0.014,0.343
Serdang Bedagai,0,12.95,2.034,0.232,0.003,0
Batu Bara,0,15.564,1.75,0.479,0.009,0.002
Padang Lawas Utara,0,16.418,4.816,6.378,0.044,0.056
Padang Lawas,0,24.182,3.301,2.901,0.01,0
Labuhan Batu Selatan,0,17.219,5.185,0.662,0.01,0.019
Labuhan Batu Utara,0,12.841,7.776,0.508,0.011,0
Nias Utara,0,7.381,1.689,0.319,0.021,0.67
Nias Barat,0,4.997,3.847,0.032,0,0.293
Kota Sibolga,0,12.248,3.982,1.033,0.002,0.009
Kota Tanjung Balai,0,17.038,1.146,-,0.002,0.013
Kota Pematang Siantar,0,10.744,1.516,0.926,-,0.052
Kota Tebing Tinggi,0,10.103,1.417,0.705,0,0.002
Kota Medan,0,7.456,1.127,0.862,0,0.003
Kota Binjai,0,9.689,1.466,-,0,-
Kota Padangsidimpuan,0,13.508,1.704,0.647,0.006,0.002
Kota Gunungsitoli,0,8.732,1.874,0.323,0.003,0.071
Kepulauan Mentawai,0,22.469,0.092,3.261,0.01,-
Pesisir Selatan,0,24.525,0.753,1.76,0.003,0.023
Solok,0,23.991,0.781,0.235,0.004,0.003
Sijunjung,0,19.806,4.063,2.144,0.015,0
Tanah Datar,0,18.773,2.689,1.077,0.008,0.009
Padang Pariaman,0,19.554,0.515,0.849,0.001,0.004
Agam,0,17.113,2.597,1.182,0.008,0.01
Lima Puluh Kota,0,26.639,1.613,2.864,0.028,0.007
Pasaman,0,20.988,1.494,2.72,0.026,0.017
Solok Selatan,0,32.255,0.43,0.421,0.002,-
Dharmasraya,0,26.462,0.599,2.029,0.002,0.023
Pasaman Barat,0,26.794,1.881,1.893,0.012,0.017
Kota Padang,0,15.285,0.656,0.882,0.001,0.063
Kota Solok,0,17.039,1.288,1.709,0,0.008
Kota Sawah Lunto,0,14.938,2.066,4.396,0.013,0.01
Kota Padang Panjang,0,12.38,1.997,0.207,0.001,0.031
Kota Bukittinggi,0,11.171,1.073,2.329,-,0.065
Kota Payakumbuh,0,19.519,1.245,0.619,0.003,0.001
Kota Pariaman,0,11.567,1.693,1.251,-,0.002
Kuantan Singingi,0,23.202,1.074,0.383,0.005,-
Indragiri Hulu,0,24.114,0.794,1.963,0.009,0.013
Indragiri Hilir,0,24.344,1.221,1.475,0.01,0.021
Pelalawan,0,20.837,0.893,2.808,0.02,0.008
Siak,0,17.779,1.775,1.261,0.004,-
Kampar,0,19.646,1.273,2.197,0.005,0.002
Rokan Hulu,0,29.669,1.626,0.607,0.003,0
Bengkalis,0,19.777,1.631,1.013,0.004,0
Rokan Hilir,0,20.566,2.123,1.209,0.007,-
Kepulauan Meranti,0,21.448,3.963,1.242,0.007,-
Kota Pekanbaru,0,13.592,0.564,0.568,0,0.063
Kota Dumai,0,19.381,1.384,2.387,0.001,0
Kerinci,0,25.249,1.279,2.64,0.008,0.002
Merangin,0,23.489,2.089,4.124,0.01,0.002
Sarolangun,0,24.557,3.174,0.306,0.017,0.001
Batang Hari,0,22.764,1.055,1.726,0.004,0
Muaro Jambi,0,15.725,1.259,2,0.001,0.007
Tanjung Jabung Timur,0,22.572,0.881,0.622,0.007,-
Tanjung Jabung Barat,0,23.824,2.663,0.973,0.006,0.004
Tebo,0,21.425,1.886,2.271,0.01,0
Bungo,0,29.816,0.879,0.645,0.003,-
Kota Jambi,0,11.63,1.368,0.113,0.005,0.004
Kota Sungai Penuh,0,23.562,0.12,1.082,0.001,0.005
Ogan Komering Ulu,0,17.216,5.009,0.166,0.018,0.158
Ogan Komering Ilir,0,16.428,3.373,0.548,0.024,0.065
Muara Enim,0,17.558,5.105,1.49,0.011,0
Lahat,0,15.481,9.73,0.674,0.008,0.004
Musi Rawas,0,6.641,12.891,0.411,0.057,0.012
Musi Banyuasin,0,17.823,3.824,0.455,0,0.059
Banyu Asin,0,16.917,4.472,0.554,0.006,0.003
Ogan Komering Ulu Selatan,0,16.476,10.731,0.357,0.039,0.182
Ogan Komering Ulu Timur,0,15.631,3.112,1.572,0.101,0.889
Ogan Ilir,0,17.686,5.423,-,0.01,0
Empat Lawang,0,10.327,14.54,0.119,0.013,0.02
Penukal Abab Lematang Ilir,0,12.668,5.824,0.914,0.019,0.195
Musi Rawas Utara,0,12.921,6.523,0.336,0.003,0.289
Kota Palembang,0,9.957,1.943,0.237,0.003,0.181
Kota Prabumulih,0,11.285,2.39,1.021,0.002,0.038
Kota Pagar Alam,0,10.01,12.802,0.193,0.001,0.041
Kota Lubuklinggau,0,7.142,8.109,0.399,0.007,0.078
Bengkulu Selatan,0,11.015,10.892,1.517,0.014,0.004
Rejang Lebong,0,11.187,11.573,0.34,0.01,0.006
Bengkulu Utara,0,20.695,4.95,0.041,0.017,-
Kaur,0,17.797,10.217,0.107,0.023,0.006
Seluma,0,17.884,9.159,1.71,0.003,0.001
Mukomuko,0,24.311,3.155,1.369,0.004,0.007
Lebong,0,24.574,7.878,0.144,0.007,0.012
Kepahiang,0,11.856,12.093,0.371,0.056,0.004
Bengkulu Tengah,0,15.234,6.196,0.273,0.006,0.004
Kota Bengkulu,0,15.888,2.547,0.656,0,0.121
Lampung Barat,0,13.766,8.461,0.353,0.065,0.044
Tanggamus,0,13.677,10.208,0.617,0.044,0.088
Lampung Selatan,0,13.683,5.498,0.721,0.03,0.019
Lampung Timur,0,16.5,4.158,0.176,0.052,0.019
Lampung Tengah,0,15.945,4.416,0.106,0.047,0.136
Lampung Utara,0,12.121,7.072,0.385,0.036,0.046
Way Kanan,0,13.198,7.754,1.001,0.048,0.032
Tulangbawang,0,17.287,6.013,0.612,0.031,0.013
Pesawaran,0,15.808,8.122,0.275,0.047,0.102
Pringsewu,0,16.279,4.929,0.309,0.066,0.143
Mesuji,0,17.191,6.203,0.947,0.075,0.115
Tulang Bawang Barat,0,20.585,4.213,0.378,0.028,0.082
Pesisir Barat,0,21.441,6.842,0.095,0.027,0.126
Kota Bandar Lampung,0,13.019,1.59,0.5,0.001,0.002
Kota Metro,0,16.464,2.385,0.091,0.014,0.033
Bangka,0,17.052,4.449,0.108,0.004,0.001
Belitung,0,15.579,2.118,1.172,0.011,0.051
Bangka Barat,0,22.114,4.265,0.984,0.005,0.001
Bangka Tengah,0,20.518,2.334,0.92,0.001,0.133
Bangka Selatan,0,20.612,3.688,1.679,-,0.005
Belitung Timur,0,21.103,3.25,1.931,0.003,0
Kota Pangkal Pinang,0,12.646,0.334,0.983,0.007,0.003
Karimun,0,18.287,1.567,3.34,0.01,0.023
Bintan,0,16.285,1.28,1.569,0.002,0.075
Natuna,0,22.54,0.796,3.322,0,0.001
Lingga,0,20.437,1.762,1.727,0.015,0.006
Kepulauan Anambas,0,31.235,0.456,0.688,0.011,0.05
Kota Batam,0,14.567,1.424,1.535,0.008,0.006
Kota Tanjung Pinang,0,14.817,0.629,1.816,0.004,0.043
Kepulauan Seribu,0,18.827,0.316,0.134,-,0.361
Kota Jakarta Selatan,0,5.767,1.188,1.671,0.001,0.022
Kota Jakarta Timur,0,7.954,0.858,0.964,0.002,0.012
Kota Jakarta Pusat,0,9.326,1.053,0.922,0.002,0.002
Kota Jakarta Barat,0,9.727,1.349,0.803,-,0.046
Kota Jakarta Utara,0,10.115,1.356,0.794,0.001,0.005
Bogor,0,13.068,4.617,1.155,0.002,0.044
Sukabumi,0,10.956,7.864,0.451,0.021,0.019
Cianjur,0,13.652,7.109,0.379,0.037,0.008
Bandung,0,9.097,6.498,0.792,0.007,0.01
Garut,0,6.366,9.558,0.813,0.073,0.076
Tasikmalaya,0,7.269,9.065,0.958,0.044,0.014
Ciamis,0,7.347,10.924,0.57,0.025,0.064
Kuningan,0,13.116,6.027,0.521,0.005,0.075
Cirebon,0,11.136,4.305,0.111,0.004,0.039
Majalengka,0,11.059,6.282,0.82,0.007,0.003
Sumedang,0,8.353,9.57,0.485,0.051,0.075
Indramayu,0,14.806,5.981,0.053,0,0.001
Subang,0,16.066,6.441,1.146,0.006,-
Purwakarta,0,11.975,5.94,0.643,0.008,0.006
Karawang,0,14.447,5.828,0.105,0.001,0.002
Bekasi,0,11.952,2.425,1.046,0,0.017
Bandung Barat,0,9.777,6.876,0.744,0.013,0.017
Pangandaran,0,5.84,9.88,0.979,0.095,0.117
Kota Bogor,0,10.719,1.822,1.997,0.009,0.052
Kota Sukabumi,0,8.87,4.158,1.147,0.006,0.09
Kota Bandung,0,11.868,2.946,0.69,0,0.148
Kota Cirebon,0,10.978,1.108,-,0.001,0.001
Kota Bekasi,0,11.555,0.682,0.714,0.001,0.147
Kota Depok,0,9.32,2.193,1.571,0.002,0.126
Kota Cimahi,0,8.103,2.213,0.846,0.021,0.094
Kota Tasikmalaya,0,7.396,7.319,0.497,0.004,0.013
Kota Banjar,0,9.207,7.108,0.33,0.003,0.006
Cilacap,0,8.896,5.871,0.397,0.058,0.116
Banyumas,0,7.531,7.062,0.097,0.035,0.148
Purbalingga,0,7.138,7.336,0.326,0.064,0.072
Banjarnegara,0,6.275,6.291,0.383,0.12,0.116
Kebumen,0,5.579,4.999,0.181,0.081,0.1
Purworejo,0,5.413,6.249,0.537,0.033,0.068
Wonosobo,0,5.999,2.983,0.331,0.167,0.414
Magelang,0,9.046,2.06,0.341,0.135,0.335
Boyolali,0,10.333,2.874,0.403,0.061,0.177
Klaten,0,10.43,1.891,0.031,0.021,0.19
Sukoharjo,0,9.215,1.848,0.134,0.01,0.126
Wonogiri,0,7.986,4.924,0.57,0.024,0.007
Karanganyar,0,9.021,1.076,0.672,0.011,0.033
Sragen,0,13.469,1.791,0.289,0.006,0.033
Grobogan,0,14.117,1.559,0.778,0.038,0.008
Blora,0,16.582,1.834,0.444,0.027,0.043
Rembang,0,14.774,0.851,0.247,0.031,0.112
Pati,0,13.802,1.048,0.772,0.002,0.029
Kudus,0,12.465,1.152,0.098,0.003,0.021
Jepara,0,14.259,0.697,0.291,0.001,0.032
Demak,0,13.695,1.372,0.139,0.018,0.002
Semarang,0,9.815,3.255,0.182,0.046,0.076
Temanggung,0,3.719,0.694,0.065,0.243,0.758
Kendal,0,10.148,1.692,0.213,0.077,0.277
Batang,0,10.022,3.407,0.381,0.055,0.071
Pekalongan,0,9.975,4.177,0.259,0.014,0.07
Pemalang,0,9.148,7.538,0.277,0.014,0.013
Tegal,0,9.778,4.843,0.041,0.002,0.002
Brebes,0,10.764,7.286,0.102,0.022,0.007
Kota Magelang,0,8.858,1.22,0.185,0.025,0.38
Kota Surakarta,0,7.186,1.484,0.272,0.005,0.027
Kota Salatiga,0,9.25,1.978,0.528,0.027,0.168
Kota Semarang,0,9.507,1.122,0.169,0.006,0.271
Kota Pekalongan,0,8.725,2.849,0.062,0.006,0.019
Kota Tegal,0,8.021,3.625,0.101,0.001,0.001
Kulon Progo,0,6.656,3.248,0.447,0.049,0.179
Bantul,0,9.798,1.132,0.307,0.011,0.143
Gunung Kidul,0,6.522,3.626,0.527,0.059,0.086
Sleman,0,9.278,1.873,0.843,0.011,0.105
Kota Yogyakarta,0,7.762,0.885,0.24,0.009,0.265
Pacitan,0,2.555,6.035,0.177,0.127,0.049
Ponorogo,0,6.821,4.784,0.404,0.072,0.202
Trenggalek,0,4.307,6.344,0.094,0.051,0.105
Tulungagung,0,6.112,5.053,0.312,0.045,0.047
Blitar,0,8.847,2.824,0.27,0.051,0.082
Kediri,0,9.722,4.239,0.082,0.024,0.049
Malang,0,14.837,4.366,0.101,0.013,0.012
Lumajang,0,6.074,1.777,0.03,0.535,0.308
Jember,0,9.314,3.186,0.29,0.094,0.373
Banyuwangi,0,12.88,3.121,0.088,0.057,0.218
Bondowoso,0,12.508,3.56,0.124,0.131,0.245
Situbondo,0,11.436,5.462,0.044,0.138,0.291
Probolinggo,0,8.177,2.891,0.001,0.349,0.322
Pasuruan,0,14.244,2.048,0.011,0.024,0.046
Sidoarjo,0,11.998,0.511,0.273,0.005,0.018
Mojokerto,0,13.082,2.025,0.027,0.01,0.002
Jombang,0,14.082,2.156,0.013,0.022,0.009
Nganjuk,0,12.692,4.232,0.001,0.029,0.034
Madiun,0,10.02,4.715,0.055,0.039,0.054
Magetan,0,11.072,2.411,0.244,0.009,0.073
Ngawi,0,10.745,2.37,0.066,0.036,0.025
Bojonegoro,0,13.262,3.231,0.131,0.05,0.065
Tuban,0,13.209,2.291,0.104,0.052,0.043
Lamongan,0,12.782,3.009,0.161,0.016,0.003
Gresik,0,12.042,2.083,0.184,0.009,0
Bangkalan,0,15.521,4.057,-,-,0.061
Sampang,0,21.128,2.661,0.273,0.005,0.039
Pamekasan,0,23.183,0.777,0.001,0.002,-
Sumenep,0,23.608,2.997,0.336,0.015,0.009
Kota Kediri,0,7.895,2.502,0.007,0.009,0.019
Kota Blitar,0,9.238,2.905,0.053,0.028,0.012
Kota Malang,0,7.827,1.086,0.377,0.002,0.046
Kota Probolinggo,0,5.978,2.35,0.072,0.121,0.114
Kota Pasuruan,0,12.343,0.821,0.117,0.003,0.023
Kota Mojokerto,0,8.378,1.521,0.019,0.011,0.025
Kota Madiun,0,9.446,0.549,0.319,0.013,0.086
Kota Surabaya,0,10.61,0.564,0.104,0.003,0.146
Kota Batu,0,13.347,2.039,0.401,0.003,0.039
Pandeglang,0,21.316,4.76,0.437,-,0.019
Lebak,0,17.302,7.274,0.67,0,-
Tangerang,0,14.831,4.757,0.402,0.002,0
Serang,0,18.799,4.841,0.042,0,0.067
Kota Tangerang,0,12.749,1.545,0.803,0.009,0.216
Kota Cilegon,0,15.423,2.989,0.994,0.009,-
Kota Serang,0,20.183,2.329,0.401,-,0.092
Kota Tangerang Selatan,0,8.928,1.538,1.754,0.001,0.045
Jembrana,0,12.903,1.106,3.025,0.01,0.064
Tabanan,0,11.92,1.201,3.035,0.004,0.408
Badung,0,7.862,0.667,2.797,0.001,0.118
Gianyar,0,5.924,0.626,2.609,0.004,0.126
Klungkung,0,5.234,0.285,0.884,0.018,0.155
Bangli,0,7.379,1.371,2.933,0.02,0.288
Karangasem,0,7.692,0.791,1.017,0.009,0.133
Buleleng,0,9.364,3.405,2.871,0.017,0.081
Kota Denpasar,0,6.877,0.371,2.578,0.001,0.209
Lombok Barat,0,12.191,0.711,1.252,0.221,0.313
Lombok Tengah,0,11.381,0.573,0.5,0.28,0.416
Lombok Timur,0,7.694,0.247,0.46,0.304,0.383
Sumbawa,0,9.765,4.669,1.027,0.064,0.208
Dompu,0,12.201,6.124,0.236,0.043,0.022
Bima,0,7.4,7.661,0.586,0.041,0.529
Sumbawa Barat,0,14.812,1.049,0.217,0.056,0.034
Lombok Utara,0,5.385,0.383,0.329,0.307,0.376
Kota Mataram,0,12.924,0.881,0.24,0.058,0.146
Kota Bima,0,14.55,2.534,0.716,0.005,0.002
Sumba Barat,0,5.631,3.332,0.116,0.021,0.203
Sumba Timur,0,7.205,6.453,0.702,0.052,0.315
Kupang,0,2.497,3.441,0.127,0.046,0.298
Timor Tengah Selatan,0,0.982,3.077,0.195,0.077,0.768
Timor Tengah Utara,0,2.383,3.758,0.262,0.069,0.7
Belu,0,2.981,2.495,0.724,0.047,0.284
Alor,0,2.134,5.016,0.057,0.11,1.719
Lembata,0,8.422,1.946,1.258,0.011,0.137
Flores Timur,0,10.132,0.87,1.724,0.015,0.004
Sikka,0,10.32,0.119,0.206,0.05,0.074
Ende,0,8.615,0.755,1.296,0.031,0.298
Ngada,0,6.688,0.852,0.481,0.049,0.178
Manggarai,0,14.699,0.107,0.599,0.011,0.046
Rote Ndao,0,3.638,1.529,0.495,0.069,0.176
Manggarai Barat,0,17.608,0.375,0.092,0.007,0.005
Sumba Tengah,0,2.008,5.82,0.452,0.079,0.392
Sumba Barat Daya,0,4.262,4.866,0.005,0.022,0.623
Nagekeo,0,6.001,0.577,1.824,0.031,0.083
Manggarai Timur,0,12.055,0.594,0.759,0.135,0.185
Sabu Raijua,0,7.694,1.714,0.095,0.067,0.223
Malaka,0,3.196,1.969,0.316,0.042,0.492
Kota Kupang,0,4.471,1.006,1.185,0.002,0.023
Sambas,0,17.454,1.02,0.702,0.005,0.015
Bengkayang,0,19.622,2.613,0.607,0.029,0.091
Landak,0,20.082,1.888,1.811,0.058,-
Mempawah,0,19.697,2.156,0.932,0.01,0.013
Sanggau,0,21.158,1.477,2.017,0.067,0.009
Ketapang,0,19.653,2.127,0.291,0.004,0.009
Sintang,0,21.702,0.657,1.117,0.022,0.006
Kapuas Hulu,0,23.119,4.785,0.344,0.012,0.003
Sekadau,0,19.235,2.228,1.246,0.016,0.003
Melawi,0,24.977,0.945,1.465,0.051,0.059
Kayong Utara,0,23.447,3.077,0.014,0.024,0.089
Kubu Raya,0,18.515,0.597,1.602,0.011,0.015
Kota Pontianak,0,12.865,0.299,0.101,0,0.092
Kota Singkawang,0,15.238,1.112,0.064,0.006,0.092
Kotawaringin Barat,0,19.801,2.493,3.277,0.006,0.046
Kotawaringin Timur,0,22.664,1.351,0.439,0.014,0.072
Kapuas,0,20.51,0.048,-,0.004,0.03
Barito Selatan,0,20.549,1.305,1.042,0.001,0.184
Barito Utara,0,27.781,0.304,-,0.003,0.069
Sukamara,0,22.902,3.447,0.055,0.012,0.086
Lamandau,0,17.325,1.206,1.687,0.017,0.014
Seruyan,0,25.832,1.674,0.993,0.023,0.025
Katingan,0,18.621,2.024,0.588,0.002,0.537
Pulang Pisau,0,23.579,3.272,-,0.009,-
Gunung Mas,0,25.518,1.143,0.339,0.002,0.015
Barito Timur,0,20.579,0.981,1.307,0.009,0.01
Murung Raya,0,15.43,2.793,0.072,0.003,-
Kota Palangka Raya,0,14.424,0.302,0.689,-,0.036
Tanah Laut,0,23.205,1.095,0.036,0.006,0.014
Kota Baru,0,20.076,1.546,1.8,0.005,0.007
Banjar,0,15.869,0.773,0.499,0.004,0.146
Barito Kuala,0,20.072,0.458,0.606,0.001,0.08
Tapin,0,24.305,0.273,-,0.002,0.033
Hulu Sungai Selatan,0,18.026,0.601,-,0.003,0.03
Hulu Sungai Tengah,0,21.091,0.308,0.036,-,0.008
Hulu Sungai Utara,0,11.659,0.652,0.06,0.002,0.038
Tabalong,0,15.536,1.497,0.195,0.006,0.02
Tanah Bumbu,0,18.493,1.265,0.07,0.002,0.208
Balangan,0,16.441,0.825,0.178,0.002,0.012
Kota Banjarmasin,0,12.252,0.623,0.078,0.021,0.115
Kota Banjar Baru,0,14.734,0.688,0.894,0.006,0.018
Paser,0,18.281,1.349,1.017,0.004,0.05
Kutai Barat,0,24.647,0.457,0.301,0.005,-
Kutai Kartanegara,0,18.222,0.662,2.191,0.01,0.016
Kutai Timur,0,23.133,2.75,0.978,0,0.229
Berau,0,19.368,0.561,0.303,-,0.12
Penajam Paser Utara,0,21.809,0.683,0.968,0.006,0.069
Mahakam Ulu,0,14.914,0.425,6.195,0.121,0.047
Kota Balikpapan,0,10.486,0.395,1.203,0.001,0.484
Kota Samarinda,0,11.627,0.5,0.121,0.007,0.13
Kota Bontang,0,10.512,1.073,0.969,-,0.008
Malinau,0,15.268,1.15,4.938,0.042,0.269
Bulungan,0,18.547,0.066,2.216,0.01,0.203
Tana Tidung,0,14.218,0.298,4.301,0.003,0.066
Nunukan,0,15.572,1.287,3.961,0.031,0.002
Kota Tarakan,0,15.327,1,0.796,0.001,0.053
Bolaang Mongondow,0,16.075,2.317,2.988,0.074,0.002
Minahasa,0,15.924,0.491,0.501,0.008,0.044
Kepulauan Sangihe,0,10.413,0.566,0.125,0.018,-
Kepulauan Talaud,0,10.523,0.284,0.319,0.07,-
Minahasa Selatan,0,12.142,0.77,1.689,0.034,0.014
Minahasa Utara,0,10.058,0.134,1.227,0.03,-
Bolaang Mongondow Utara,0,13.383,0.69,0.726,0.158,-
Siau Tagulandang Biaro,0,12.323,0.107,0.361,0.03,0.004
Minahasa Tenggara,0,15.234,0.543,1.04,0.009,0.005
Bolaang Mongondow Selatan,0,14.342,0.108,4.624,0.128,0.009
Bolaang Mongondow Timur,0,24.019,0.208,0.86,0.025,-
Kota Manado,0,8.553,0.295,1.766,0.007,0.005
Kota Bitung,0,12.591,0.937,0.818,0.011,-
Kota Tomohon,0,12.129,0.713,1.172,0.003,-
Kota Kotamobagu,0,12.809,0.663,4.135,0.058,0.045
Banggai Kepulauan,0,9.32,2.843,1.362,0.12,0.126
Banggai,0,11.331,1.104,2.67,0.105,-
Morowali,0,31.331,0.65,2.073,0.002,-
Poso,0,14.725,1.971,0.451,0.008,0.005
Donggala,0,13.453,2.038,1.574,0.02,0.17
Toli-Toli,0,13.741,3.665,-,0.015,0.028
Buol,0,12.921,4.732,0.595,0.008,0.025
Parigi Moutong,0,16.984,2.599,1.043,0.061,-
Tojo Una-Una,0,17.385,4.89,0.283,0.058,0.137
Sigi,0,16.31,0.732,1.073,0.014,-
Banggai Laut,0,8.913,1.521,1.852,0.008,0.009
Morowali Utara,0,21.96,1.723,2.462,0.026,-
Kota Palu,0,9.519,0.506,0.401,0.009,0.077
Kepulauan Selayar,0,17.016,0.481,0.513,0.141,0.014
Bulukumba,0,13.934,1.305,2.014,0.077,0.001
Bantaeng,0,16.755,2.193,1.911,0.033,0.001
Jeneponto,0,17.709,0.671,0.394,0.048,0
Takalar,0,17.662,0.019,0.022,0.012,-
Gowa,0,17.354,1.757,0.718,0.087,0.013
Sinjai,0,12.291,1.036,1.436,0.087,0.102
Maros,0,18.492,0.874,0.493,0.005,0.035
Pangkajene dan Kepulauan,0,13.73,1.152,0.556,0.004,0.001
Barru,0,10.42,3.196,1.375,0.001,-
Bone,0,18.594,0.875,0.272,0.09,0.001
Soppeng,0,21.721,0.076,0.501,-,0.045
Wajo,0,22.18,1.395,-,0.005,0.053
Sidenreng Rappang,0,20.027,0.76,0.536,0.005,-
Pinrang,0,16.435,0.077,1.912,-,0
Enrekang,0,17.77,1.02,0.353,0.008,0.002
Luwu,0,17.487,0.371,0.716,0.002,0.003
Tana Toraja,0,10.039,2.762,1.467,0.001,0.021
Luwu Utara,0,19.767,2.701,0.318,0.012,0.003
Luwu Timur,0,21.346,1.406,0.43,0.004,0.012
Toraja Utara,0,10.453,0.909,0.162,0.001,0.004
Kota Makassar,0,10.075,0.439,0.399,-,0
Kota Parepare,0,11.892,0.524,1.059,0.001,0.122
Kota Palopo,0,15.933,0.703,0.818,0.006,-
Buton,0,9.695,0.77,1.968,0.014,-
Muna,0,11.001,0.904,0.968,0.013,0
Konawe,0,20.889,0.808,1.22,0.009,-
Kolaka,0,15.588,0.52,3.041,0.009,0.066
Konawe Selatan,0,18.499,1.036,1.306,0.018,0.013
Bombana,0,19.963,0.121,4.563,0.066,0.046
Wakatobi,0,13.627,1.778,0.831,-,-
Kolaka Utara,0,26.208,0.451,0.001,0,0.002
Buton Utara,0,17.692,1.285,2.368,0.004,0.001
Konawe Utara,0,27.8,0.58,0.139,0.001,0.076
Kolaka Timur,0,21.766,1.077,0.011,0.015,0.017
Konawe Kepulauan,0,17.171,1.848,2.597,0.015,-
Muna Barat,0,14.493,1.62,0.154,0.001,0.011
Buton Tengah,0,9.032,0.057,1.76,0.002,-
Buton Selatan,0,7.22,0.365,0.667,-,0.317
Kota Kendari,0,8.834,1.1,0.802,-,0.136
Kota Baubau,0,8.935,0.354,1.006,-,0.014
Boalemo,0,12.26,0.618,1.151,0.104,0.162
Gorontalo,0,11.796,0.241,1.454,0.122,0.389
Pohuwato,0,14.927,0.906,0.21,0.056,0.203
Bone Bolango,0,8.672,0.151,1.976,0.151,0.033
Gorontalo Utara,0,11.878,0.292,1.156,0.056,0.189
Kota Gorontalo,0,11.453,0.937,1.219,0.008,0.005
Majene,0,13.173,0.071,0.273,0.016,-
Polewali Mandar,0,20.733,0.402,0.033,0.012,0.101
Mamasa,0,17.577,1.955,1.087,0.004,-
Mamuju,0,22.066,1.036,0.322,0.003,0.005
Mamuju Utara,0,24.517,1.853,1.101,0.001,0.001
Mamuju Tengah,0,20.146,1.811,0.615,0.02,0.007
Maluku Tenggara Barat,0,4.284,0.141,0.415,0.107,0.049
Maluku Tenggara,0,5.832,0.848,0.483,0.032,0.031
Maluku Tengah,0,8.22,1.148,0.179,0.08,0.126
Buru,0,12.295,0.687,0.336,0.028,0.014
Kepulauan Aru,0,4.351,0.11,0.042,0.197,0.097
Seram Bagian Barat,0,6.107,0.424,0.078,0.055,0.009
Seram Bagian Timur,0,4.274,1.284,0.82,0.128,1.509
Maluku Barat Daya,0,2.576,0.181,0.959,0.062,0.045
Buru Selatan,0,4.312,0.274,0.286,0.334,0.823
Kota Ambon,0,8.25,0.283,0.564,0.004,0.026
Kota Tual,0,5.176,1.705,0.227,0.054,0.008
Halmahera Barat,0,10.11,0.662,0.597,0.037,0.029
Halmahera Tengah,0,18.705,0.48,0.669,0.04,0.122
Kepulauan Sula,0,5.709,0.44,0.24,0.119,0.009
Halmahera Selatan,0,10.515,0.999,0.029,0.178,0.106
Halmahera Utara,0,8.238,0.292,1.032,0.065,0.013
Halmahera Timur,0,14.183,1.99,1.162,0.091,0.164
Pulau Morotai,0,7.248,0.511,0.229,0.184,0.014
Pulau Taliabu,0,10.914,0.736,1.977,0.104,0.013
Kota Ternate,0,17.156,0.75,0.28,-,0.068
Kota Tidore Kepulauan,0,15.366,2.017,0.134,0.015,0.054
Fakfak,0,14.885,0.634,0.782,0.029,0.232
Kaimana,0,8.07,0.733,0.611,0.073,0.354
Teluk Wondama,0,8.4,0.125,0.025,0.052,1.792
Teluk Bintuni,0,14.271,0.286,0.132,0.044,0.381
Manokwari,0,10.637,0.644,0.664,0.027,0.268
Manokwari Selatan,0,11.339,0.163,1.638,0.004,0.797
Pegunungan Arfak,0,2.565,0.147,0.353,0.031,0.094
Raja Ampat,0,11.543,0.094,0.43,0.085,0.849
Sorong,0,12.226,1.597,0.383,0.016,0.25
Sorong Selatan,0,6.161,0.009,0.009,0.086,0.447
Maybrat,0,7.649,0.408,0.089,0.011,0.311
Tambrauw,0,10.053,0.24,0.222,0.013,0.783
Kota Sorong,0,9.041,0.135,0.766,0.01,0.081
Jayapura,0,7.478,0.75,1.884,0.038,0.512
Kepulauan Yapen,0,6.6,0.879,1.457,0.103,0.312
Biak Numfor,0,5.745,0.176,0.433,0.054,6.432
Sarmi,0,11.118,0.651,2.127,0,0.911
Keerom,0,17.352,1.557,1.569,0.081,0.433
Waropen,0,5.237,0.099,0.445,0.085,0.774
Supiori,0,2.777,0.787,0.371,0.104,0.727
Mamberamo Raya,0,8.006,-,-,0.043,1.47
Kota Jayapura,0,7.207,0.329,1.457,0.016,0.199
Merauke,0,9.441,0.292,1.031,0.097,0.194
Boven Digoel,0,10.192,1.476,2.067,0.294,0.744
Mappi,0,4.421,0.343,1.409,0.224,0.117
Asmat,0,7.666,0.027,0.15,0.093,0.105
Mimika,0,11.836,1.081,1.148,-,0.011
Dogiyai,0,1.942,0.032,1.194,0.089,0.003
Deiyai,0,1.056,0.255,0.427,-,-
Nabire,0,9.244,0.587,2.069,0.002,0.231
Paniai,0,1.144,0.647,0.254,-,-
Intan Jaya,0,1.385,0.751,0.192,-,0.515
Puncak,0,5.913,-,-,-,-
Puncak Jaya,0,7.976,3.902,0.061,0.012,0.525
Nduga,0,0.303,2.494,0.039,0.081,0.083
Jayawijaya,0,5.142,0.934,0.033,0.001,0.233
Lanny Jaya,0,15.253,0.158,-,0.003,0.376
Tolikara,0,1.629,0.164,0.455,0.001,0.02
Mamberamo Tengah,0,2.447,0.743,-,0.023,0.359
Yalimo,0,7.239,0.524,0.714,0.037,0.09
Yahukimo,0,0.232,-,-,0.031,0.031
Pegunungan Bintang,0,3.236,-,-,0.011,0.353